# Watch Hub — bulk import list,,
# Format: brand,model,reference
# Lines starting with # are ignored,,
# Safe to re-run: existing entries are skipped automatically,,
,,
brand,model,reference
Rolex,Submariner,126610LN
Rolex,Submariner,126610LV
Rolex,GMT-Master II,126710BLRO
Rolex,Datejust 41,126300
Rolex,Day-Date 40,228238
Rolex,Explorer,124270
Rolex,Explorer II,226570
Rolex,Sea-Dweller,126600
Omega,Seamaster Diver 300M,210.30.42.20.03.001
Omega,Speedmaster Professional,310.30.42.30.01.001
Patek Philippe,Nautilus,5711/1A-010
Patek Philippe,Aquanaut,5167A-001
Audemars Piguet,Royal Oak,15510ST.OO.1320ST.06
IWC,Pilot's Watch Mark XX,IW328201
IWC,Portugieser Chronograph,IW371617
Rolex,Submariner,126610LN
Rolex,Submariner,126610LV
Rolex,Submariner,124060
Rolex,Submariner,116610LN
Rolex,Submariner,116610LV
Rolex,Submariner,114060
Rolex,Submariner,14060M
Rolex,Submariner,16610
Rolex,Submariner,16800
Rolex,Submariner,5513
Rolex,GMT-Master II,126710BLRO
Rolex,GMT-Master II,126710BLNR
Rolex,GMT-Master II,126720VTNR
Rolex,GMT-Master II,126711CHNR
Rolex,GMT-Master II,126718GRNR
Rolex,GMT-Master II,116710LN
Rolex,GMT-Master II,116710BLNR
Rolex,GMT-Master II,16710
Rolex,GMT-Master II,16760
Rolex,GMT-Master II,16713
Rolex,Datejust 41,126300
Rolex,Datejust 41,126334
Rolex,Datejust 41,126333
Rolex,Datejust 41,126331
Rolex,Datejust 41,126303
Rolex,Datejust 36,126200
Rolex,Datejust 36,126234
Rolex,Datejust 36,126233
Rolex,Datejust 36,126231
Rolex,Datejust 36,126201
Rolex,Datejust 36,16234
Rolex,Datejust 36,16233
Rolex,Datejust 36,16014
Rolex,Datejust 36,1601
Rolex,Datejust 36,116234
Rolex,Daytona,126500LN
Rolex,Daytona,116500LN
Rolex,Daytona,126503
Rolex,Daytona,126508
Rolex,Daytona,126519LN
Rolex,Daytona,116520
Rolex,Daytona,16520
Rolex,Daytona,116508
Rolex,Daytona,116515LN
Rolex,Daytona,116519LN
Rolex,Explorer,124270
Rolex,Explorer,224270
Rolex,Explorer,114270
Rolex,Explorer,14270
Rolex,Explorer,1016
Rolex,Explorer II,226570
Rolex,Explorer II,216570
Rolex,Explorer II,16570
Rolex,Explorer II,1655
Rolex,Sea-Dweller,126600
Rolex,Sea-Dweller,16600
Rolex,Sea-Dweller,126603
Rolex,Sea-Dweller,16660
Rolex,Sea-Dweller,126067
Rolex,Deepsea,136660
Rolex,Deepsea,126660
Rolex,Deepsea,116660
Rolex,Deepsea,136668LB
Rolex,Yacht-Master,126622
Rolex,Yacht-Master,126621
Rolex,Yacht-Master,226627
Rolex,Yacht-Master,16622
Rolex,Yacht-Master,116655
Rolex,Yacht-Master,268621
Rolex,Yacht-Master,126655
Rolex,Yacht-Master,116622
Rolex,Day-Date 40,228238
Rolex,Day-Date 40,228239
Rolex,Day-Date 40,228235
Rolex,Day-Date 40,228236
Rolex,Day-Date 40,228348RBR
Rolex,Day-Date 36,128238
Rolex,Day-Date 36,128239
Rolex,Day-Date 36,128235
Rolex,Day-Date 36,118238
Rolex,Day-Date 36,18238
Rolex,Oyster Perpetual 41,124300
Rolex,Oyster Perpetual 41,134300
Rolex,Oyster Perpetual 36,126000
Rolex,Oyster Perpetual 36,116000
Rolex,Oyster Perpetual 36,116034
Rolex,Oyster Perpetual 34,124200
Rolex,Oyster Perpetual 34,114200
Rolex,Oyster Perpetual 34,15200
Rolex,Air-King,126900
Rolex,Air-King,116900
Rolex,Air-King,14000
Rolex,Air-King,5500
Rolex,Milgauss,116400GV
Rolex,Milgauss,116400
Rolex,Milgauss,1019
Rolex,Sky-Dweller,336934
Rolex,Sky-Dweller,336933
Rolex,Sky-Dweller,336935
Rolex,Sky-Dweller,326934
Rolex,Sky-Dweller,326933
Rolex,Sky-Dweller,326238
Rolex,Cellini,50509
Rolex,Cellini,50515
Rolex,Cellini,50519
Rolex,Cellini,5330
Rolex,Cellini,5115
Omega,Speedmaster Professional,310.30.42.50.01.002
Omega,Speedmaster Professional,310.30.42.30.01.005
Omega,Speedmaster Professional,310.30.42.30.01.001
Omega,Speedmaster Professional,311.30.42.30.01.005
Omega,Speedmaster Professional,3570.50.00
Omega,Speedmaster Professional,145.022
Omega,Speedmaster Professional,3590.50.00
Omega,Speedmaster '57,332.10.41.51.01.001
Omega,Speedmaster '57,332.10.41.51.03.001
Omega,Speedmaster '57,331.10.42.51.01.002
Omega,Speedmaster '57,331.12.42.51.01.001
Omega,Speedmaster Racing,329.30.44.51.01.001
Omega,Speedmaster Racing,326.30.40.50.01.001
Omega,Speedmaster Racing,326.32.40.50.06.001
Omega,Speedmaster Reduced,3510.50.00
Omega,Speedmaster Reduced,3539.50.00
Omega,Seamaster Diver 300M,210.30.42.20.03.001
Omega,Seamaster Diver 300M,210.30.42.20.01.001
Omega,Seamaster Diver 300M,210.32.42.20.01.001
Omega,Seamaster Diver 300M,210.30.42.20.06.001
Omega,Seamaster Diver 300M,212.30.41.20.01.003
Omega,Seamaster Diver 300M,2531.80.00
Omega,Seamaster Diver 300M,2541.80.00
Omega,Seamaster Planet Ocean,215.30.44.21.01.001
Omega,Seamaster Planet Ocean,215.30.40.20.03.002
Omega,Seamaster Planet Ocean,215.30.44.21.03.001
Omega,Seamaster Planet Ocean,232.30.42.21.01.001
Omega,Seamaster Planet Ocean,2201.50.00
Omega,Seamaster Aqua Terra,220.10.41.21.03.001
Omega,Seamaster Aqua Terra,220.10.38.20.03.001
Omega,Seamaster Aqua Terra,220.12.41.21.03.001
Omega,Seamaster Aqua Terra,220.10.41.21.10.001
Omega,Seamaster Aqua Terra,231.10.39.21.03.001
Omega,Seamaster Aqua Terra,231.10.42.21.03.003
Omega,Seamaster Railmaster,220.10.40.20.01.001
Omega,Seamaster Railmaster,220.12.40.20.01.001
Omega,Seamaster Railmaster,2503.52.00
Omega,Seamaster 300,234.30.41.21.01.001
Omega,Seamaster 300,234.30.41.21.03.001
Omega,Seamaster 300,233.30.41.21.01.001
Omega,Seamaster 300,166.024
Omega,Constellation,131.30.41.21.99.001
Omega,Constellation,131.10.39.20.02.001
Omega,Constellation,123.10.38.21.02.001
Omega,De Ville Prestige,434.10.40.20.02.001
Omega,De Ville Prestige,424.10.40.20.02.001
Omega,De Ville Prestige,424.13.40.20.02.001
Omega,De Ville Trésor,435.13.40.21.03.001
Omega,De Ville Trésor,435.53.40.21.11.001
Omega,Globemaster,130.30.39.21.03.001
Omega,Globemaster,130.33.39.21.03.001
Omega,Globemaster,130.30.39.21.02.001
Patek Philippe,Nautilus,5711/1A-010
Patek Philippe,Nautilus,5712/1A-001
Patek Philippe,Nautilus,5712R-001
Patek Philippe,Nautilus,5726/1A-014
Patek Philippe,Nautilus,5726A-001
Patek Philippe,Nautilus,5980/1A-001
Patek Philippe,Nautilus,5990/1A-011
Patek Philippe,Nautilus,7010/1R-013
Patek Philippe,Nautilus,7118/1A-010
Patek Philippe,Nautilus,3800/1A
Patek Philippe,Aquanaut,5167A-001
Patek Philippe,Aquanaut,5164A-001
Patek Philippe,Aquanaut,5168G-001
Patek Philippe,Aquanaut,5168G-010
Patek Philippe,Aquanaut,5968A-001
Patek Philippe,Aquanaut,5067A-001
Patek Philippe,Aquanaut,5261R-001
Patek Philippe,Calatrava,6119R-001
Patek Philippe,Calatrava,6119G-001
Patek Philippe,Calatrava,5227G-010
Patek Philippe,Calatrava,5226G-001
Patek Philippe,Calatrava,5196R-001
Patek Philippe,Calatrava,5196G-001
Patek Philippe,Calatrava,3919J-001
Patek Philippe,Calatrava,5196J-001
Patek Philippe,Calatrava,6007G-001
Patek Philippe,Calatrava,6196P-001
Patek Philippe,Complications,5205G-013
Patek Philippe,Complications,5905R-001
Patek Philippe,Complications,Annual Calendar 5205R-011
Patek Philippe,Complications,5396G-017
Patek Philippe,Complications,5935A-001
Audemars Piguet,Royal Oak,15510ST.OO.1320ST.06
Audemars Piguet,Royal Oak,15510ST.OO.1320ST.07
Audemars Piguet,Royal Oak,15500ST.OO.1220ST.01
Audemars Piguet,Royal Oak,16202ST.OO.1240ST.01
Audemars Piguet,Royal Oak,15450ST.OO.1256ST.03
Audemars Piguet,Royal Oak,14790ST.OO.0789ST.08
Audemars Piguet,Royal Oak,15202ST.OO.1240ST.01
Audemars Piguet,Royal Oak,15407ST.OO.1220ST.01
Audemars Piguet,Royal Oak Chronograph,26240ST.OO.1320ST.04
Audemars Piguet,Royal Oak Chronograph,26240ST.OO.1320ST.05
Audemars Piguet,Royal Oak Chronograph,26331ST.OO.1220ST.03
Audemars Piguet,Royal Oak Chronograph,26315ST.OO.1256ST.01
Audemars Piguet,Royal Oak Offshore,26420SO.OO.A002CA.01
Audemars Piguet,Royal Oak Offshore,26420ST.OO.A027CA.01
Audemars Piguet,Royal Oak Offshore,15710ST.OO.A002CA.01
Audemars Piguet,Royal Oak Offshore,15720ST.OO.A027CA.01
Audemars Piguet,Royal Oak Offshore,26470ST.OO.A027CA.01
Audemars Piguet,Royal Oak Offshore,26170ST.OO.1000ST.01
Audemars Piguet,Code 11.59,15210BC.OO.A321CR.01
Audemars Piguet,Code 11.59,26393BC.OO.A321CR.01
Audemars Piguet,Code 11.59,15210OR.OO.A028CR.01
Cartier,Santos de Cartier,WSSA0018
Cartier,Santos de Cartier,WSSA0030
Cartier,Santos de Cartier,WSSA0062
Cartier,Santos de Cartier,WSSA0029
Cartier,Santos de Cartier,W2SA0008
Cartier,Santos de Cartier,WGSA0018
Cartier,Santos de Cartier,LM 2961
Cartier,Santos de Cartier,Galbée 2319
Cartier,Tank Must,WSTA0041
Cartier,Tank Must,WSTA0051
Cartier,Tank Must,WSTA0109
Cartier,Tank Must,WSTA0110
Cartier,Tank Louis Cartier,WGTA0067
Cartier,Tank Louis Cartier,WGTA0091
Cartier,Tank Louis Cartier,WGTA0011
Cartier,Tank Française,WSTA0067
Cartier,Tank Française,WSTA0074
Cartier,Tank Française,WE110004
Cartier,Tank Française,2302
Cartier,Panthère de Cartier,WSPN0006
Cartier,Panthère de Cartier,WSPN0019
Cartier,Panthère de Cartier,W2PN0007
Cartier,Panthère de Cartier,166920
Cartier,Ballon Bleu,WSBB0040
Cartier,Ballon Bleu,WSBB0067
Cartier,Ballon Bleu,WE902073
Cartier,Ballon Bleu,3001
Cartier,Pasha de Cartier,WSPA0013
Cartier,Pasha de Cartier,WSPA0026
Cartier,Pasha de Cartier,2730
Cartier,Drive de Cartier,WGNM0005
Cartier,Drive de Cartier,WSNM0004
Cartier,Drive de Cartier,WSNM0008
Cartier,Ronde Must,WSRN0035
Cartier,Ronde Must,WSRN0034
Tudor,Black Bay 58,M79030N-0001
Tudor,Black Bay 58,M79030B-0001
Tudor,Black Bay 58,M79010SG-0001
Tudor,Black Bay 58,M79012M-0001
Tudor,Black Bay 58,M7939A1A0RU-0001
Tudor,Black Bay,M7941A1A0NU-0003
Tudor,Black Bay,M79230N-0009
Tudor,Black Bay,M79230B-0008
Tudor,Black Bay,M7941A1A0RU-0003
Tudor,Black Bay,M7943A1A0NU-0001
Tudor,Black Bay GMT,M79830RB-0001
Tudor,Black Bay GMT,M79833MN-0001
Tudor,Black Bay GMT,M79830RB-0010
Tudor,Black Bay Chrono,M79360N-0001
Tudor,Black Bay Chrono,M79360N-0002
Tudor,Black Bay Chrono,M79363N-0002
Tudor,Black Bay Chrono,M79377KN-0001
Tudor,Pelagos,M25600TN-0001
Tudor,Pelagos,M25610TNL-0001
Tudor,Pelagos,M25407N-0001
Tudor,Pelagos,M25707B-0001
Tudor,Pelagos 39,M25407N-0001
Tudor,Ranger,M79950-0001
Tudor,Ranger,79910-0001
Tudor,Royal,M28600-0005
Tudor,Royal,M28500-0005
Tudor,Royal,M28400-0005
Tudor,1926,M91550-0001
Tudor,1926,M91650-0011
Tudor,1926,M91450-0011
Tudor,Clair de Rose,M35500-0009
Tudor,Clair de Rose,M35400-0010
Tudor,North Flag,91210N-0001
IWC,Pilot's Watch Mark XX,IW328201
IWC,Pilot's Watch Mark XX,IW328202
IWC,Pilot's Watch Mark XX,IW328203
IWC,Pilot's Watch Mark XX,IW328204
IWC,Pilot's Watch Chronograph,IW388111
IWC,Pilot's Watch Chronograph,IW388101
IWC,Pilot's Watch Chronograph,IW377710
IWC,Pilot's Watch Chronograph,IW388106
IWC,Big Pilot's Watch,IW501001
IWC,Big Pilot's Watch,IW501002
IWC,Big Pilot's Watch,IW329303
IWC,Big Pilot's Watch,IW503605
IWC,Portugieser Chronograph,IW371617
IWC,Portugieser Chronograph,IW371606
IWC,Portugieser Chronograph,IW371624
IWC,Portugieser Chronograph,IW371620
IWC,Portugieser Automatic,IW500705
IWC,Portugieser Automatic,IW500714
IWC,Portugieser Automatic,IW358304
IWC,Ingenieur Automatic 40,IW328901
IWC,Ingenieur Automatic 40,IW328902
IWC,Ingenieur Automatic 40,IW328903
IWC,Aquatimer Automatic,IW329005
IWC,Aquatimer Automatic,IW328801
IWC,Aquatimer Automatic,IW329002
Breitling,Navitimer B01 Chronograph 43,AB0138211B1P1
Breitling,Navitimer B01 Chronograph 43,AB0138241C1A1
Breitling,Navitimer B01 Chronograph 43,AB0138241K1P1
Breitling,Navitimer B01 Chronograph 43,AB0138241G1A1
Breitling,Navitimer Automatic 41,A17329161C1A1
Breitling,Navitimer Automatic 41,A17329171C1A1
Breitling,Navitimer Automatic 41,U17329161C1P1
Breitling,Chronomat B01 42,AB0134101C1A1
Breitling,Chronomat B01 42,AB0134101L1A1
Breitling,Chronomat B01 42,AB0134101M1A1
Breitling,Superocean Heritage B20,AB2010161C1A1
Breitling,Superocean Heritage B20,UB2010121B1S1
Breitling,Superocean Heritage B20,AB2010121B1A1
Breitling,Superocean Automatic 42,A17375211B1A1
Breitling,Superocean Automatic 42,A17375211B2S1
Breitling,Superocean Automatic 42,A17375E71C1A1
Breitling,Avenger Automatic 42,A17328101B1A1
Breitling,Avenger Automatic 42,A17328101L1X1
Breitling,Avenger B01 Chronograph 44,AB0147101B1A1
Breitling,Avenger B01 Chronograph 44,AB0147101L1X1
Breitling,Premier B01 Chronograph 42,AB0145171C1P1
Breitling,Premier B01 Chronograph 42,AB0145331K1P1
Breitling,Premier B01 Chronograph 42,AB0145371L1P1
Breitling,Endurance Pro,X82310D51B1S1
Breitling,Endurance Pro,X82310E51B1S1
Breitling,Endurance Pro,X82310A71B1S1
Breitling,Aerospace Evo,E79363101B1E1
Breitling,Aerospace Evo,EB70101A1O1E1
TAG Heuer,Carrera Date,WBN2110.BA0639
TAG Heuer,Carrera Date,WBN2112.BA0639
TAG Heuer,Carrera Date,WBN2111.FC6505
TAG Heuer,Carrera Chronograph,CBN2010.BA0642
TAG Heuer,Carrera Chronograph,CBN2011.BA0642
TAG Heuer,Carrera Chronograph,CBS2210.FC6534
TAG Heuer,Carrera Chronograph,CV2010.BA0794
TAG Heuer,Monaco,CAW211P.FC6356
TAG Heuer,Monaco,CBL2111.FC6453
TAG Heuer,Monaco,CAW218E.FC6565
TAG Heuer,Monaco,WW2110.FC6177
TAG Heuer,Aquaracer Professional 300,WBP201A.BA0632
TAG Heuer,Aquaracer Professional 300,WBP201B.BA0632
TAG Heuer,Aquaracer Professional 300,WBP208B.BF0631
TAG Heuer,Aquaracer Professional 300,WBP5110.BA0013
TAG Heuer,Aquaracer Professional 200,WBP1110.BA0627
TAG Heuer,Aquaracer Professional 200,WBP2111.BA0627
TAG Heuer,Aquaracer Professional 200,WBP1415.BA0622
TAG Heuer,Formula 1,CAZ1010.BA0842
TAG Heuer,Formula 1,CAZ1011.BA0842
TAG Heuer,Formula 1,WAZ1110.BA0875
TAG Heuer,Formula 1,WAZ1112.BA0875
TAG Heuer,Formula 1,CAZ2012.BA0970
TAG Heuer,Link,WBC2110.BA0603
TAG Heuer,Link,WBC131E.BA0649
TAG Heuer,Link,CAT2011.BA0952
TAG Heuer,Autavia,WBE5114.FC8266
TAG Heuer,Autavia,CBE2110.FC8226
TAG Heuer,Autavia,WBE5192.FC8300
Seiko,Prospex SPB143,SPB143J1
Seiko,Prospex SPB147,SPB147J1
Seiko,Prospex SPB151,SPB151J1
Seiko,Prospex SPB153,SPB153J1
Seiko,Prospex SPB317,SPB317J1
Seiko,Prospex SPB381,SPB381J1
Seiko,Prospex SPB383,SPB383J1
Seiko,Prospex SPB385,SPB385J1
Seiko,Prospex SBDC101,SBDC101
Seiko,Prospex SBDC103,SBDC103
Seiko,Prospex Turtle,SRP777
Seiko,Prospex Turtle,SRP773
Seiko,Prospex Turtle,SRPE93
Seiko,Prospex Turtle,SRPA21
Seiko,Prospex Turtle,SBDY015
Seiko,Prospex Turtle,SBDY017
Seiko,Prospex Samurai,SRPB51
Seiko,Prospex Samurai,SRPF03
Seiko,Prospex Samurai,SRPH11
Seiko,Prospex Samurai,SBDY053
Seiko,Prospex Samurai,SBDY095
Seiko,Prospex Monster,SRPD25
Seiko,Prospex Monster,SRPE27
Seiko,Prospex Monster,SBDC073
Seiko,Prospex Monster,SKZ211
Seiko,Prospex Alpinist,SPB121J1
Seiko,Prospex Alpinist,SPB123J1
Seiko,Prospex Alpinist,SPB117J1
Seiko,Prospex Alpinist,SBDC091
Seiko,Prospex Alpinist,SARB017
Seiko,Presage Cocktail Time,SRPB43
Seiko,Presage Cocktail Time,SRPB41
Seiko,Presage Cocktail Time,SRPE19
Seiko,Presage Cocktail Time,SSA343
Seiko,Presage Cocktail Time,SARY161
Seiko,Presage Sharp Edged,SPB167J1
Seiko,Presage Sharp Edged,SPB169J1
Seiko,Presage Sharp Edged,SPB203J1
Seiko,Presage Sharp Edged,SPB227J1
Seiko,5 Sports,SRPD55
Seiko,5 Sports,SRPD51
Seiko,5 Sports,SRPE53
Seiko,5 Sports,SRPG27
Seiko,5 Sports,SRPK29
Seiko,5 Sports,SRPK31
Seiko,5 Sports,SRPK33
Seiko,5 Sports,SBSA003
Seiko,Seiko 5,SNK809
Seiko,Seiko 5,SNXS79
Seiko,Seiko 5,SNKL23
Seiko,Seiko 5,SNZG15
Seiko,Seiko 5,SNK793
Seiko,Astron,SSH107J1
Seiko,Astron,SSJ003
Seiko,Astron,SSH109J1
Seiko,Astron,SBXC009
Seiko,King Seiko,SPB279J1
Seiko,King Seiko,SPB281J1
Seiko,King Seiko,SPB285J1
Seiko,King Seiko,SDKS001
Grand Seiko,Snowflake,SBGA211
Grand Seiko,Snowflake,SBGA259
Grand Seiko,Shunbun,SBGA413
Grand Seiko,White Birch,SLGH005
Grand Seiko,White Birch,SLGA009
Grand Seiko,Omiwatari,SBGY007
Grand Seiko,Skyflake,SBGA407
Grand Seiko,Spring Drive GMT,SBGE285
Grand Seiko,Spring Drive GMT,SBGE201
Grand Seiko,Spring Drive GMT,SBGE271
Grand Seiko,Spring Drive GMT,SBGE248
Grand Seiko,Heritage Collection,SBGH273
Grand Seiko,Heritage Collection,SBGH277
Grand Seiko,Heritage Collection,SBGP013
Grand Seiko,Heritage Collection,SBGA375
Grand Seiko,Heritage Collection,SBGA437
Grand Seiko,Evolution 9,SLGA021
Grand Seiko,Evolution 9,SLGA009
Grand Seiko,Evolution 9,SLGH013
Grand Seiko,Evolution 9,SLGH017
Grand Seiko,Sport Collection,SBGE255
Grand Seiko,Sport Collection,SBGA229
Grand Seiko,Sport Collection,SBGN003
Grand Seiko,Sport Collection,SBGN005
Grand Seiko,Sport Collection,SBGN027
Grand Seiko,Elegance Collection,SBGW231
Grand Seiko,Elegance Collection,SBGW283
Grand Seiko,Elegance Collection,SBGK007
Grand Seiko,Elegance Collection,SBGY011
Casio,G-Shock CasiOak,GA-2100-1A1
Casio,G-Shock CasiOak,GA-B2100-1A1
Casio,G-Shock CasiOak,GM-B2100D-1A
Casio,G-Shock CasiOak,GM-2100-1A
Casio,G-Shock CasiOak,GMB2100AD-2A
Casio,G-Shock DW-5600,DW-5600E-1V
Casio,G-Shock DW-5600,DW-5600BB-1
Casio,G-Shock DW-5600,GW-B5600-2
Casio,G-Shock DW-5600,GW-M5610U-1
Casio,G-Shock DW-5600,DWE-5600CC-3
Casio,G-Shock Rangeman,GW-9400-1
Casio,G-Shock Rangeman,GPR-H1000-1
Casio,G-Shock Rangeman,GPR-B1000-1
Casio,G-Shock Mudmaster,GWG-1000-1A3
Casio,G-Shock Mudmaster,GWG-2000-1A1
Casio,G-Shock Mudmaster,GG-B100-1A3
Casio,G-Shock Mudmaster,GWG-B1000-1A
Casio,G-Shock Frogman,GWF-A1000-1A
Casio,G-Shock Frogman,GWFA1000-1A2
Casio,G-Shock Frogman,GWF-D1000-1
Casio,G-Shock Gravitymaster,GR-B300-1A
Casio,G-Shock Gravitymaster,GR-B200-1A2
Casio,G-Shock Gravitymaster,GPW-2000-1A
Casio,G-Shock Full Metal,GMW-B5000D-1
Casio,G-Shock Full Metal,GMW-B5000GD-9
Casio,G-Shock Full Metal,GMW-B5000TVA-1
Casio,Oceanus,OCW-T200S-1AJF
Casio,Oceanus,OCW-S5000E-1AJF
Casio,Oceanus,OCW-T2600J-1AJF
Casio,Edifice,ECB-2000D-1A
Casio,Edifice,EFS-S570D-1A
Casio,Edifice,EQB-1100D-1A
Tissot,PRX Powermatic 80,T137.407.11.041.00
Tissot,PRX Powermatic 80,T137.407.11.351.00
Tissot,PRX Powermatic 80,T137.407.11.051.00
Tissot,PRX Powermatic 80,T137.407.33.021.00
Tissot,PRX Quartz,T137.410.11.041.00
Tissot,PRX Quartz,T137.410.11.031.00
Tissot,PRX Quartz,T137.410.11.091.00
Tissot,Seastar 1000,T120.407.11.041.03
Tissot,Seastar 1000,T120.410.11.041.00
Tissot,Seastar 1000,T120.807.11.051.00
Tissot,Gentleman Powermatic 80,T127.407.11.041.00
Tissot,Gentleman Powermatic 80,T127.407.11.051.00
Tissot,Gentleman Powermatic 80,T127.407.16.041.01
Tissot,Le Locle Powermatic 80,T006.407.11.033.00
Tissot,Le Locle Powermatic 80,T006.407.16.033.00
Tissot,Le Locle Powermatic 80,T006.407.22.033.01
Tissot,Chemin des Tourelles,T139.807.11.031.00
Tissot,Chemin des Tourelles,T139.407.11.038.00
Tissot,Heritage 1938,T142.464.16.032.00
Tissot,Heritage 1938,T142.464.16.062.00
Longines,Spirit,L3.810.4.53.6
Longines,Spirit,L3.811.4.53.6
Longines,Spirit,L3.812.4.63.6
Longines,Spirit,L3.410.4.53.6
Longines,Spirit Zulu Time,L3.812.4.63.6
Longines,Spirit Zulu Time,L3.802.4.63.6
Longines,Spirit Zulu Time,L3.802.4.93.6
Longines,Spirit Zulu Time,L3.812.4.53.6
Longines,HydroConquest,L3.781.4.56.6
Longines,HydroConquest,L3.781.4.96.6
Longines,HydroConquest,L3.742.4.56.6
Longines,HydroConquest,L3.782.4.06.6
Longines,Legend Diver,L3.774.4.50.6
Longines,Legend Diver,L3.764.4.50.6
Longines,Legend Diver,L3.674.4.50.0
Longines,Legend Diver,L3.774.1.50.2
Longines,Conquest,L3.720.4.02.6
Longines,Conquest,L3.430.4.92.6
Longines,Conquest,L3.430.4.62.6
Longines,Conquest,L3.835.4.32.6
Longines,Master Collection,L2.793.4.78.6
Longines,Master Collection,L2.909.4.78.3
Longines,Master Collection,L2.629.4.78.3
Longines,Master Collection,L2.773.4.78.6
Longines,DolceVita,L5.767.4.73.0
Longines,DolceVita,L5.755.4.71.6
Longines,DolceVita,L5.512.4.71.0
Hamilton,Khaki Field Mechanical,H69439931
Hamilton,Khaki Field Mechanical,H69439131
Hamilton,Khaki Field Mechanical,H69439531
Hamilton,Khaki Field Mechanical,H69529933
Hamilton,Khaki Field Auto,H70455533
Hamilton,Khaki Field Auto,H70455133
Hamilton,Khaki Field Auto,H70555533
Hamilton,Khaki Field Auto,H70605160
Hamilton,Khaki Murph,H70605731
Hamilton,Khaki Murph,H70405730
Hamilton,Khaki Aviation Pilot Day Date,H64615135
Hamilton,Khaki Aviation Pilot Day Date,H64635560
Hamilton,Khaki Aviation Pilot Day Date,H64615145
Hamilton,Jazzmaster Viewmatic,H32515155
Hamilton,Jazzmaster Viewmatic,H32715531
Hamilton,Jazzmaster Viewmatic,H32705541
Hamilton,Intra-Matic Chronograph,H38416711
Hamilton,Intra-Matic Chronograph,H38416111
Hamilton,Intra-Matic Chronograph,H38429130
Hamilton,American Classic PSR,H52414130
Hamilton,American Classic PSR,H52404130
Oris,Aquis Date,01 733 7730 4135-07 8 24 05PEB
Oris,Aquis Date,01 733 7787 4135-07 8 22 04PEB
Oris,Aquis Date,01 733 7766 4157-07 8 22 05PEB
Oris,Divers Sixty-Five,01 733 7707 4055-07 8 20 18
Oris,Divers Sixty-Five,01 733 7707 4354-07 8 20 18
Oris,Divers Sixty-Five,01 733 7771 4055-07 8 19 18
Oris,Big Crown Pointer Date,01 754 7741 4065-07 8 20 22
Oris,Big Crown Pointer Date,01 754 7741 3165-07 5 20 58BR
Oris,Big Crown Pointer Date,01 754 7798 4065-07 8 20 06
Oris,Propilot X,01 400 7778 7153-07 7 20 01TLC
Oris,Propilot X,01 400 7778 7155-07 7 20 01TLC
Oris,Propilot X,01 115 7759 7153-Set7 22 01TLC
Oris,Artelier,01 733 7762 4051-07 8 20 18
Oris,Artelier,01 111 7700 4063-Set 1 23 72FC
Nomos,Tangente,139
Nomos,Tangente,164
Nomos,Tangente,101
Nomos,Tangente,177
Nomos,Club Campus,735
Nomos,Club Campus,736
Nomos,Club Campus,738
Nomos,Club Campus,708
Nomos,Orion,309
Nomos,Orion,301
Nomos,Orion,324
Nomos,Ahoi,550
Nomos,Ahoi,551
Nomos,Ahoi,552
Nomos,Metro,1101
Nomos,Metro,1102
Nomos,Metro,1110
Nomos,Ludwig,201
Nomos,Ludwig,205
Nomos,Ludwig,250
Zenith,Chronomaster Original,03.3200.3600/21.M3200
Zenith,Chronomaster Original,03.3200.3600/34.C869
Zenith,Chronomaster Original,03.3200.3600/69.C902
Zenith,Chronomaster Sport,03.3100.3600/69.M3100
Zenith,Chronomaster Sport,03.3100.3600/21.M3100
Zenith,Chronomaster Sport,03.3114.3600/51.M3100
Zenith,Defy Skyline,03.9300.3620/51.I001
Zenith,Defy Skyline,03.9300.3620/21.I001
Zenith,Defy Skyline,03.9300.3620/01.I001
Zenith,Pilot Automatic,03.4000.3620/21.I001
Zenith,Pilot Automatic,49.4000.3620/21.I001
Zenith,Elite Classic,03.3100.670/01.C922
Zenith,Elite Classic,03.2290.679/11.C493
Panerai,Luminor Marina,PAM01312
Panerai,Luminor Marina,PAM01313
Panerai,Luminor Marina,PAM01117
Panerai,Luminor Marina,PAM00111
Panerai,Luminor Marina,PAM00048
Panerai,Luminor Due,PAM01274
Panerai,Luminor Due,PAM01321
Panerai,Luminor Due,PAM00926
Panerai,Radiomir,PAM01384
Panerai,Radiomir,PAM00995
Panerai,Radiomir,PAM00610
Panerai,Radiomir,PAM00210
Panerai,Submersible,PAM01229
Panerai,Submersible,PAM00973
Panerai,Submersible,PAM00683
Panerai,Submersible,PAM01305
Panerai,Luminor Chrono,PAM01109
Panerai,Luminor Chrono,PAM01218
Jaeger-LeCoultre,Reverso Classic,Q3858520
Jaeger-LeCoultre,Reverso Classic,Q3858522
Jaeger-LeCoultre,Reverso Classic,Q2608440
Jaeger-LeCoultre,Reverso Classic,Q2548440
Jaeger-LeCoultre,Reverso Tribute,Q397848J
Jaeger-LeCoultre,Reverso Tribute,Q397843J
Jaeger-LeCoultre,Reverso Tribute,Q7132521
Jaeger-LeCoultre,Reverso Tribute,Q3988482
Jaeger-LeCoultre,Master Control Date,Q4018420
Jaeger-LeCoultre,Master Control Date,Q1548530
Jaeger-LeCoultre,Master Control Date,Q4018470
Jaeger-LeCoultre,Master Ultra Thin Moon,Q1368430
Jaeger-LeCoultre,Master Ultra Thin Moon,Q1362520
Jaeger-LeCoultre,Master Ultra Thin Moon,Q1368470
Jaeger-LeCoultre,Polaris Date,Q9068670
Jaeger-LeCoultre,Polaris Date,Q9068180
Jaeger-LeCoultre,Polaris Date,Q9068650
Vacheron Constantin,Overseas,4500V/110A-B128
Vacheron Constantin,Overseas,4520V/210A-B128
Vacheron Constantin,Overseas,7920V/210A-B334
Vacheron Constantin,Overseas,5500V/110A-B148
Vacheron Constantin,Overseas,2300V/100A-B170
Vacheron Constantin,Fiftysix,4600E/000A-B442
Vacheron Constantin,Fiftysix,4000E/000A-B548
Vacheron Constantin,Fiftysix,4600E/000R-B441
Vacheron Constantin,Patrimony,85180/000G-9230
Vacheron Constantin,Patrimony,81180/000R-B518
Vacheron Constantin,Patrimony,4010U/000G-B330
A. Lange & Söhne,Saxonia,219.032
A. Lange & Söhne,Saxonia,219.026
A. Lange & Söhne,Saxonia,201.027
A. Lange & Söhne,Lange 1,191.032
A. Lange & Söhne,Lange 1,191.025
A. Lange & Söhne,Lange 1,LS1914AA
A. Lange & Söhne,Odysseus,363.068
A. Lange & Söhne,Odysseus,363.179
Citizen,Tsuyosa,NJ0150-56L
Citizen,Tsuyosa,NJ0150-56X
Citizen,Tsuyosa,NJ0150-81Z
Citizen,Tsuyosa,NJ0151-53W
Citizen,Promaster Diver,BN0151-09L
Citizen,Promaster Diver,NY0040-09E
Citizen,Promaster Diver,NB6021-17E
Citizen,Promaster Diver,BN0168-06L
Citizen,Series 8,NB6060-58X
Citizen,Series 8,NA1004-87E
Citizen,Series 8,NB6051-59L
Citizen,Eco-Drive Chandler,BM8180-03E
Citizen,Eco-Drive Chandler,BM8475-26E
Citizen,Chronomaster,AQ4020-54Y
Citizen,Chronomaster,AQ4091-56M
Orient,Kamasu,RA-AA0001B19A
Orient,Kamasu,RA-AA0004E19A
Orient,Kamasu,RA-AA0002L19A
Orient,Kamasu,RA-AA0811E19B
Orient,Bambino,FAC00009N0
Orient,Bambino,RA-AC0M04Y10B
Orient,Bambino,RA-AC0021L10B
Orient,Bambino,FAC0000AB0
Orient,Mako,RA-AA0003R19A
Orient,Mako,RA-AA0818L19B
Orient,Mako,FAA02001B9
Orient,Star,RE-AU0004B00B
Orient,Star,RE-AU0202E00B
Orient,Star,RK-AU0005L
Sinn,556,556 I
Sinn,556,556 A
Sinn,556,556 MOP
Sinn,556,556 RS
Sinn,104,104.01
Sinn,104,104.011
Sinn,104,104.013
Sinn,104,104.014
Sinn,U50,U50.010
Sinn,U50,U50 S
Sinn,U50,U50 SDR
Sinn,U1,U1.010
Sinn,U1,U1 SDR
Sinn,U1,U1 DS
Sinn,103,103 St Sa
Sinn,103,103 Ti Ar
Sinn,103,103 Sa B E
Christopher Ward,The Twelve,C12-40ADA1-S00B0-B0
Christopher Ward,The Twelve,C12-40ADA1-S00K0-B0
Christopher Ward,The Twelve,C12-36ADA1-S00V0-B0
Christopher Ward,C60 Trident Pro 300,C60-42ADA31S0KW0-RK
Christopher Ward,C60 Trident Pro 300,C60-40ADA31S0BB0-B0
Christopher Ward,C60 Trident Pro 300,C60-38ADA31S00B1-B0
Christopher Ward,C63 Sealander GMT,C63-39AGM3-S00K0-B0
Christopher Ward,C63 Sealander GMT,C63-39AGM3-S00W0-B0
Christopher Ward,C1 Bel Canto,C01-41APT2-T00B1-B0
Christopher Ward,C1 Bel Canto,C01-41APT2-T00K0-B0
Doxa,SUB 300,821.10.351.10
Doxa,SUB 300,821.10.201.10
Doxa,SUB 300,821.10.131.10
Doxa,SUB 200,799.10.101.10
Doxa,SUB 200,799.10.201.10
Doxa,SUB 200,799.10.351.10
Doxa,Army,785.10.031.31
Doxa,Army,785.10.101.31
Bell & Ross,BR 05,BR05A-BL-ST/SST
Bell & Ross,BR 05,BR05A-BU-ST/SST
Bell & Ross,BR 05,BR05C-BL-ST/SST
Bell & Ross,BR 03,BR03A-BL-CE/SRB
Bell & Ross,BR 03,BR03A-D-BL-ST/SRB
Bell & Ross,BR 03,BR03-92 BLACK MATTE
Bell & Ross,BR V2,BRV294-BL-ST/SST
Bell & Ross,BR V2,BRV292-BU-G-ST/SST
Hublot,Classic Fusion,542.NX.1171.RX
Hublot,Classic Fusion,511.NX.1171.RX
Hublot,Classic Fusion,565.NX.1470.LR
Hublot,Big Bang,301.SX.130.RX
Hublot,Big Bang,441.NX.1171.RX
Hublot,Big Bang,451.NX.1170.NX
Hublot,Spirit of Big Bang,642.NX.0170.RX
Hublot,Spirit of Big Bang,601.NX.0173.LR
Breguet,Classique,5177BB/29/9V6
Breguet,Classique,7147BB/29/9WU
Breguet,Classique,5157BR/11/9V6
Breguet,Marine,5517TI/Y1/TZ0
Breguet,Marine,5527TI/Y1/9WV
Breguet,Marine,5547TI/G2/9ZU
Breguet,Type XX,2067RK/Y9/9WU
Breguet,Type XX,3800ST/92/SW9
Chopard,Alpine Eagle,298600-3001
Chopard,Alpine Eagle,298600-3004
Chopard,Alpine Eagle,298623-3001
Chopard,L.U.C XPS,168629-3001
Chopard,L.U.C XPS,161946-1001
Chopard,Mille Miglia,168571-3001
Chopard,Mille Miglia,168589-3028
Baume & Mercier,Clifton,M0A10329
Baume & Mercier,Clifton,M0A10468
Baume & Mercier,Clifton,M0A10692
Baume & Mercier,Riviera,M0A10616
Baume & Mercier,Riviera,M0A10660
Baume & Mercier,Riviera,M0A10702
Baume & Mercier,Riviera,M0A10714
Baume & Mercier,Classima,M0A10323
Baume & Mercier,Classima,M0A10695
Frederique Constant,Highlife,FC-303N4NH6B
Frederique Constant,Highlife,FC-310N4NH6B
Frederique Constant,Highlife,FC-391SB4NH6B
Frederique Constant,Classics Index,FC-303MC5B6
Frederique Constant,Classics Index,FC-303S5B6
Frederique Constant,Runabout,FC-303RMN5B6
Frederique Constant,Runabout,FC-393RM5B6
Mido,Ocean Star,M026.430.11.041.00
Mido,Ocean Star,M026.829.17.041.00
Mido,Ocean Star,M026.627.11.041.00
Mido,Multifort TV Big Date,M049.526.11.081.00
Mido,Multifort TV Big Date,M049.526.17.081.00
Mido,Commander,M021.407.11.411.00
Mido,Commander,M021.626.33.051.00
Rado,Captain Cook,R32505203
Rado,Captain Cook,R32127162
Rado,Captain Cook,R32505313
Rado,Captain Cook,R32144202
Rado,True Square,R27077102
Rado,True Square,R27078102
Rado,True Square,R27054162
Rado,DiaStar,R12160303
Rado,DiaStar,R12162153
Maurice Lacroix,Aikon Automatic,AI6008-SS002-330-1
Maurice Lacroix,Aikon Automatic,AI6008-SS002-430-1
Maurice Lacroix,Aikon Automatic,AI6008-SS002-731-1
Maurice Lacroix,Aikon Quartz,AI1108-SS002-130-1
Maurice Lacroix,Aikon Quartz,AI1108-SS002-330-1
Maurice Lacroix,Pontos S,PT6008-SS002-330-1
Maurice Lacroix,Pontos S,PT6038-SSL22-330-1
Montblanc,1858 Geosphere,129415
Montblanc,1858 Geosphere,129624
Montblanc,1858 Geosphere,125565
Montblanc,Heritage Chronométrie,112534
Montblanc,Heritage Chronométrie,114875
Montblanc,Star Legacy,126103
Montblanc,Star Legacy,118518
Alpina,Alpiner Extreme,AL-525B4AE6B
Alpina,Alpiner Extreme,AL-525G4AE6B
Alpina,Seastrong Diver,AL-525LBB4V6
Alpina,Seastrong Diver,AL-525GR4S26
Alpina,Startimer Pilot,AL-525BW4S26
Alpina,Startimer Pilot,AL-372NW4S26
Yema,Superman,YSUP22A39-GMS
Yema,Superman,YSUP22B39-AMS
Yema,Superman,YSUP22C39-EMS
Yema,Rallygraf,YMHF1580-BM
Yema,Rallygraf,YMHF1578-AA
Yema,Flygraf,YFLY23A39-AMS
Yema,Flygraf,YFLY23B39-BMS
Nivada Grenchen,Chronomaster Aviator Sea Diver,86001M
Nivada Grenchen,Chronomaster Aviator Sea Diver,86008M
Nivada Grenchen,Chronomaster Aviator Sea Diver,86012M
Nivada Grenchen,F77,68001A77
Nivada Grenchen,F77,68003A77
Nivada Grenchen,F77,68004A77
Nivada Grenchen,Antarctic,32023A11
Nivada Grenchen,Antarctic,32022A11
Farer,GMT,Roche
Farer,GMT,Lander IV
Farer,GMT,Mansfield
Farer,Aqua Compressor,Hecla
Farer,Aqua Compressor,Leven
Farer,Aqua Compressor,Myrtle
Farer,Chronograph Sport,Bernina
Farer,Chronograph Sport,Mansell
Farer,Chronograph Sport,Carnegie
Baltic,Aquascaphe,Aquascaphe Blue Gilt
Baltic,Aquascaphe,Aquascaphe Black Cream
Baltic,Aquascaphe,Aquascaphe Bronze Brown
Baltic,MR01,MR01 Blue
Baltic,MR01,MR01 Salmon
Baltic,MR01,MR01 Silver
Baltic,Bicompax,Bicompax 002 Silver
Baltic,Bicompax,Bicompax 003 Blue
Baltic,Bicompax,Bicompax 001 Black
Studio Underd0g,01Series Chronograph,01WMB
Studio Underd0g,01Series Chronograph,01MCB
Studio Underd0g,01Series Chronograph,01PGB
Studio Underd0g,02Series Field,02BLK
Studio Underd0g,02Series Field,02GRN
Unimatic,Modello Uno,U1S-MP
Unimatic,Modello Uno,U1S-8BK
Unimatic,Modello Uno,U1S-T-M
Unimatic,Modello Due,U2S-MP
Unimatic,Modello Due,U2S-T-M
Squale,1521,1521-026A
Squale,1521,1521-026
Squale,1521,1521-ORIG
Squale,Sub-39,SUB-39 GMT VINTAGE
Squale,Sub-39,SUB-39 BLUE
Squale,Master,MASTER X PALOMBARI
Squale,Master,MASTER TITANIUM
Serica,4512,4512 California
Serica,4512,4512 Commando
Serica,4512,4512 Denali
Serica,5303,5303-1 COSC
Serica,5303,5303-3 COSC
Serica,8315,8315-1
Serica,8315,8315-2
Certina,DS Action Diver,C032.607.11.041.00
Certina,DS Action Diver,C032.807.11.051.00
Certina,DS Action Diver,C032.851.11.047.00
Certina,DS PH200M,C036.407.16.050.00
Certina,DS PH200M,C036.407.18.040.00
Certina,DS-1 Big Date,C029.426.11.041.00
Certina,DS-1 Big Date,C029.426.16.041.00
D1 Milano,Polycarbon,PCBJ10
D1 Milano,Polycarbon,PCBJ11
D1 Milano,Polycarbon,PCBJ15
D1 Milano,Automatic,ATBJ10
D1 Milano,Automatic,ATBJ11
D1 Milano,Automatic,ATBJ12
Vulcain,Cricket,100171A87.BAC201
Vulcain,Cricket,100151A95.BAC201
Vulcain,Skindiver,660170A26.BHM201
Vulcain,Skindiver,660170A66.BHM201
Raymond Weil,Millesime,2930-STC-65001
Raymond Weil,Millesime,2930-ST-65001
Raymond Weil,Millesime,2930-ST-80001
Raymond Weil,Freelancer,2761-ST-50001
Raymond Weil,Freelancer,2780-STC-20001
Raymond Weil,Freelancer,7732-STC-50021
Raymond Weil,Toccata,5485-ST-00300
Raymond Weil,Toccata,5488-STC-00300
Girard-Perregaux,Laureato,81010-11-431-11A
Girard-Perregaux,Laureato,81010-11-3153-1CM
Girard-Perregaux,Laureato,81005-11-3154-1CM
Girard-Perregaux,Sea Hawk,49960-11-631-FK6A
Girard-Perregaux,Sea Hawk,49920-19-631-FK6A
Parmigiani Fleurier,Tonda PF,PFC914-1020001-100182
Parmigiani Fleurier,Tonda PF,PFC912-1020001-100182
Parmigiani Fleurier,Tonda PF,PFC931-1020001-400182
Parmigiani Fleurier,Toric,PFH952-2010002-300181
Parmigiani Fleurier,Toric,PFH952-2010001-300181
Czapek,Antarctique,S Passage de Drake Glacier Blue
Czapek,Antarctique,S Passage de Drake Salmon
Czapek,Antarctique,Rattrapante Ice Blue
Ming,17.09,17.09 Blue
Ming,17.09,17.09 Burgundy
Ming,37.07,37.07 Monolith
Ming,37.07,37.07 White
Kurono Tokyo,Calendrier,Calendrier Azuki
Kurono Tokyo,Calendrier,Calendrier Mori
Kurono Tokyo,Chronograph 3,Shiro
Kurono Tokyo,Chronograph 3,Hisui
Furlan Marri,Mechaquartz Chronograph,Mr. Grey 1041-A
Furlan Marri,Mechaquartz Chronograph,Tasti Tondi 1031-A
Furlan Marri,Mechaquartz Chronograph,Havana Salmon 1061-A
Furlan Marri,Disco Volante,Blue Disco Volante
Furlan Marri,Disco Volante,Salmon Disco Volante
Lorier,Neptune,Neptune IV Black
Lorier,Neptune,Neptune IV Gilt
Lorier,Neptune,Neptune SIII
Lorier,Falcon,Falcon Series III White
Lorier,Falcon,Falcon Series III Black
Lorier,Gemini,Gemini SIII Panda
Lorier,Gemini,Gemini SIII Reverse Panda
Brew,Metric,Metric Retro
Brew,Metric,Metric Silver
Brew,Metric,Metric Gold
Brew,Retromatic,Retromatic Blue
Brew,Retromatic,Retromatic Green
Dan Henry,1962,1962 Panda
Dan Henry,1962,1962 Evil Panda
Dan Henry,1964,1964 Gran Turismo Silver
Dan Henry,1964,1964 Gran Turismo Black
Dan Henry,1970,1970 Automatic Diver Black
Dan Henry,1970,1970 Automatic Diver Orange
Marathon,GSAR,WW194006SS-0130
Marathon,GSAR,WW194006BK-0130
Marathon,TSAR,WW194007SS-0130
Marathon,TSAR,WW194007BK-0130
Marathon,Navigator,WW194001SS-0101
Marathon,Navigator,WW194013SS-0101
Laco,Augsburg,861690
Laco,Augsburg,862120
Laco,Pilot Original,862103
Laco,Pilot Original,862095
Meistersinger,Perigraph,AM1003
Meistersinger,Perigraph,AM1017
Meistersinger,No.03,AM903
Meistersinger,No.03,AM917
Junghans,Max Bill Automatic,027/3500.04
Junghans,Max Bill Automatic,027/3400.04
Junghans,Max Bill Automatic,027/7806.00
Junghans,Meister Chronoscope,027/7323.00
Junghans,Meister Chronoscope,027/4222.03
Bulova,Lunar Pilot,96B251
Bulova,Lunar Pilot,96K111
Bulova,Lunar Pilot,96B258
Bulova,Oceanographer,98B320
Bulova,Oceanographer,96B344
Bulova,Jet Star,96B401
Bulova,Jet Star,96K112
Movado,Museum Classic,0607271
Movado,Museum Classic,0607198
Movado,Bold,3600861
Movado,Bold,3600802
Fossil,Townsman,ME3098
Fossil,Townsman,FS5437
Fossil,Heritage,ME3220
Fossil,Heritage,ME3221
Timex,Marlin Automatic,TW2T22700
Timex,Marlin Automatic,TW2T18200
Timex,Marlin Automatic,TW2V44700
Timex,Q Timex,TW2U60900
Timex,Q Timex,TW2U62000
Timex,Q Timex,TW2V00500
Timex,Expedition North,TW2V03900
Timex,Expedition North,TW2V22200
Swatch,MoonSwatch,SO33M100
Swatch,MoonSwatch,SO33M102
Swatch,MoonSwatch,SO33B700
Swatch,MoonSwatch,SO33T100
Swatch,Bioceramic Scuba Fifty Fathoms,SO35B400
Swatch,Bioceramic Scuba Fifty Fathoms,SO35N100
Swatch,Bioceramic Scuba Fifty Fathoms,SO35P100
Blancpain,Fifty Fathoms,5015-1130-71S
Blancpain,Fifty Fathoms,5000-1110-B52A
Blancpain,Fifty Fathoms,5000-1210-G52A
Blancpain,Villeret,6651 1127 55B
Blancpain,Villeret,6605 3642 55B
Ulysse Nardin,Diver 42mm,8163-175LE-3A-BLACK/3A
Ulysse Nardin,Diver 42mm,8163-175/92
Ulysse Nardin,Marine Torpilleur,1183-310-3/43
Ulysse Nardin,Marine Torpilleur,1183-320LE-2A-175/1A
Tudor,Black Bay Pro,M79470-0001
Tudor,Black Bay Pro,M79470-0003
Tudor,Black Bay 54,M79000N-0001
Tudor,Black Bay 54,M79000N-0002
Rolex,GMT-Master,1675
Rolex,GMT-Master,6542
Rolex,Turn-O-Graph,116264
Rolex,Turn-O-Graph,16264
Omega,Railmaster,220.10.40.20.03.001
Omega,Railmaster,220.12.40.20.03.001
Omega,Dynamic,5240.50.00
Omega,Dynamic,5200.50.00
Rolex,Prince,5443
Rolex,Prince,3937
Omega,Constellation Pie Pan,168.005
Seiko,SKX,SKX007
Seiko,SKX,SKX013